<?xml version="1.0" encoding="utf-8" ?>
<dwsync>
<file name="datadict-ibase.inc.php" server="//buildersoftub/SIPNG/wfd/" local="129041066148750000" remote="129041066140000000" />
<file name="datadict-access.inc.php" server="//buildersoftub/SIPNG/wfd/" local="129041066149218750" remote="129041066140000000" />
<file name="datadict-sapdb.inc.php" server="//buildersoftub/SIPNG/wfd/" local="129041066179375000" remote="129041066170000000" />
<file name="datadict-mssql.inc.php" server="//buildersoftub/SIPNG/wfd/" local="129041066124843750" remote="129041066120000000" />
<file name="datadict-db2.inc.php" server="//buildersoftub/SIPNG/wfd/" local="129041066253437500" remote="129041066250000000" />
<file name="datadict-mysql.inc.php" server="//buildersoftub/SIPNG/wfd/" local="129041066200781250" remote="129041066200000000" />
<file name="datadict-informix.inc.php" server="//buildersoftub/SIPNG/wfd/" local="129041066182656250" remote="129041066180000000" />
<file name="datadict-sybase.inc.php" server="//buildersoftub/SIPNG/wfd/" local="129041066248906250" remote="129041066240000000" />
<file name="datadict-postgres.inc.php" server="//buildersoftub/SIPNG/wfd/" local="129041066229375000" remote="129041066220000000" />
<file name="datadict-mssqlnative.inc.php" server="//buildersoftub/SIPNG/wfd/" local="129041066108125000" remote="129041066100000000" />
<file name="datadict-generic.inc.php" server="//buildersoftub/SIPNG/wfd/" local="129041066205625000" remote="129041066200000000" />
<file name="datadict-oci8.inc.php" server="//buildersoftub/SIPNG/wfd/" local="129041066096093750" remote="129041066090000000" />
<file name="datadict-firebird.inc.php" server="//buildersoftub/SIPNG/wfd/" local="129041066127812500" remote="129041066120000000" />
</dwsync>