<?xml version="1.0" encoding="utf-8" ?>
<dwsync>
<file name="adodb-sess.txt" server="//buildersoftub/SIPNG/wfd/" local="129041066590781250" remote="129041066590000000" />
<file name="adodb-encrypt-md5.php" server="//buildersoftub/SIPNG/wfd/" local="129041066538281250" remote="129041066530000000" />
<file name="adodb-encrypt-mcrypt.php" server="//buildersoftub/SIPNG/wfd/" local="129041066494687500" remote="129041066490000000" />
<file name="adodb-cryptsession2.php" server="//buildersoftub/SIPNG/wfd/" local="129041066522343750" remote="129041066520000000" />
<file name="adodb-encrypt-secret.php" server="//buildersoftub/SIPNG/wfd/" local="129041066486875000" remote="129041066480000000" />
<file name="session_schema2.xml" server="//buildersoftub/SIPNG/wfd/" local="129041066329062500" remote="129041066320000000" />
<file name="adodb-cryptsession.php" server="//buildersoftub/SIPNG/wfd/" local="129041066392187500" remote="129041066390000000" />
<file name="adodb-sessions.oracle.clob.sql" server="//buildersoftub/SIPNG/wfd/" local="129041066357343750" remote="129041066350000000" />
<file name="adodb-session-clob2.php" server="//buildersoftub/SIPNG/wfd/" local="129041066565625000" remote="129041066560000000" />
<file name="adodb-compress-bzip2.php" server="//buildersoftub/SIPNG/wfd/" local="129041066507968750" remote="129041066500000000" />
<file name="session_schema.xml" server="//buildersoftub/SIPNG/wfd/" local="129041066329062500" remote="129041066320000000" />
<file name="adodb-sessions.mysql.sql" server="//buildersoftub/SIPNG/wfd/" local="129041066302343750" remote="129041066300000000" />
<file name="adodb-session.php" server="//buildersoftub/SIPNG/wfd/" local="129041066564843750" remote="129041066560000000" />
<file name="crypt.inc.php" server="//buildersoftub/SIPNG/wfd/" local="129041066273906250" remote="129041066270000000" />
<file name="adodb-sessions.oracle.sql" server="//buildersoftub/SIPNG/wfd/" local="129041066583437500" remote="129041066580000000" />
<file name="adodb-session2.php" server="//buildersoftub/SIPNG/wfd/" local="129041066302500000" remote="129041066300000000" />
<file name="adodb-session-clob.php" server="//buildersoftub/SIPNG/wfd/" local="129041066356875000" remote="129041066350000000" />
<file name="adodb-encrypt-sha1.php" server="//buildersoftub/SIPNG/wfd/" local="129041066418750000" remote="129041066410000000" />
<file name="adodb-compress-gzip.php" server="//buildersoftub/SIPNG/wfd/" local="129041066279687500" remote="129041066270000000" />
</dwsync>