<?xml version="1.0"?>
<schema version="0.2">
  <table name="sessions">
    <desc>table for ADOdb session-management</desc>

    <field name="SESSKEY" type="C" size="32">
      <descr>session key</descr>
      <KEY/>
      <NOTNULL/>
    </field>
 
    <field name="EXPIRY" type="I" size="11">
      <descr></descr>
      <NOTNULL/>
    </field>

    <field name="EXPIREREF" type="C" size="64">
      <descr></descr>
    </field>

    <field name="DATA" type="XL">
      <descr></descr>
      <NOTNULL/>
    </field>
  </table>
</schema>
