<?xml version="1.0" encoding="utf-8" ?>
<dwsync>
<file name="docs-session.htm" server="//buildersoftub/SIPNG/wfd/" local="129041067625000000" remote="129041067620000000" />
<file name="docs-adodb.htm" server="//buildersoftub/SIPNG/wfd/" local="129041067490312500" remote="129041067490000000" />
<file name="readme.htm" server="//buildersoftub/SIPNG/wfd/" local="129041067566562500" remote="129041067560000000" />
<file name="old-changelog.htm" server="//buildersoftub/SIPNG/wfd/" local="129041067215781250" remote="129041067210000000" />
<file name="tips_portable_sql.htm" server="//buildersoftub/SIPNG/wfd/" local="129041067316250000" remote="129041067310000000" />
<file name="docs-active-record.htm" server="//buildersoftub/SIPNG/wfd/" local="129041067145468750" remote="129041067140000000" />
<file name="tute.htm" server="//buildersoftub/SIPNG/wfd/" local="129041067102031250" remote="129041067100000000" />
<file name="docs-oracle.htm" server="//buildersoftub/SIPNG/wfd/" local="129041067215781250" remote="129041067210000000" />
<file name="docs-datadict.htm" server="//buildersoftub/SIPNG/wfd/" local="129041067645468750" remote="129041067640000000" />
<file name="docs-session.old.htm" server="//buildersoftub/SIPNG/wfd/" local="129041067481406250" remote="129041067480000000" />
<file name="docs-perf.htm" server="//buildersoftub/SIPNG/wfd/" local="129041067403281250" remote="129041067400000000" />
</dwsync>