<?xml version="1.0" encoding="utf-8" ?>
<dwsync>
<file name="adodb-errorpear.inc.php" server="//buildersoftub/SIPNG/wfd/" local="129041063282968750" remote="129041063280000000" />
<file name="adodb-memcache.lib.inc.php" server="//buildersoftub/SIPNG/wfd/" local="129041063804531250" remote="129041063800000000" />
<file name="xmlschema.dtd" server="//buildersoftub/SIPNG/wfd/" local="129041063362656250" remote="129041063360000000" />
<file name="adodb-exceptions.inc.php" server="//buildersoftub/SIPNG/wfd/" local="129041063118125000" remote="129041063110000000" />
<file name="pivottable.inc.php" server="//buildersoftub/SIPNG/wfd/" local="129041063190000000" remote="129041063190000000" />
<file name="adodb-pager.inc.php" server="//buildersoftub/SIPNG/wfd/" local="129041063394687500" remote="129041063390000000" />
<file name="adodb-perf.inc.php" server="//buildersoftub/SIPNG/wfd/" local="129041063251562500" remote="129041063250000000" />
<file name="adodb-time.inc.php" server="//buildersoftub/SIPNG/wfd/" local="129041063628906250" remote="129041063620000000" />
<file name="adodb-xmlschema03.inc.php" server="//buildersoftub/SIPNG/wfd/" local="129041063336406250" remote="129041063330000000" />
<file name="license.txt" server="//buildersoftub/SIPNG/wfd/" local="129041063250937500" remote="129041063250000000" />
<file name="adodb-lib.inc.php" server="//buildersoftub/SIPNG/wfd/" local="129041063199062500" remote="129041063190000000" />
<file name="adodb-error.inc.php" server="//buildersoftub/SIPNG/wfd/" local="129041063628593750" remote="129041063620000000" />
<file name="adodb.inc.php" server="//buildersoftub/SIPNG/wfd/" local="129041064024843750" remote="129041064020000000" />
<file name="toexport.inc.php" server="//buildersoftub/SIPNG/wfd/" local="129041063948906250" remote="129041063940000000" />
<file name="adodb-php4.inc.php" server="//buildersoftub/SIPNG/wfd/" local="129041063460312500" remote="129041063460000000" />
<file name="adodb-xmlschema.inc.php" server="//buildersoftub/SIPNG/wfd/" local="129041063162031250" remote="129041063160000000" />
<file name="adodb-csvlib.inc.php" server="//buildersoftub/SIPNG/wfd/" local="129041063356093750" remote="129041063350000000" />
<file name="adodb-iterator.inc.php" server="//buildersoftub/SIPNG/wfd/" local="129041063706718750" remote="129041063700000000" />
<file name="rsfilter.inc.php" server="//buildersoftub/SIPNG/wfd/" local="129041063210156250" remote="129041063210000000" />
<file name="adodb-errorhandler.inc.php" server="//buildersoftub/SIPNG/wfd/" local="129041063429843750" remote="129041063420000000" />
<file name="adodb-active-record.inc.php" server="//buildersoftub/SIPNG/wfd/" local="129041063706562500" remote="129041063700000000" />
<file name="adodb-pear.inc.php" server="//buildersoftub/SIPNG/wfd/" local="129041064018437500" remote="129041064010000000" />
<file name="server.php" server="//buildersoftub/SIPNG/wfd/" local="129041063550156250" remote="129041063550000000" />
<file name="tohtml.inc.php" server="//buildersoftub/SIPNG/wfd/" local="129041063415156250" remote="129041063410000000" />
<file name="adodb-time.zip" server="//buildersoftub/SIPNG/wfd/" local="129041063298437500" remote="129041063290000000" />
<file name="adodb-datadict.inc.php" server="//buildersoftub/SIPNG/wfd/" local="129041063823593750" remote="129041063820000000" />
<file name="xmlschema03.dtd" server="//buildersoftub/SIPNG/wfd/" local="129041063325937500" remote="129041063320000000" />
<file name="readme.txt" server="//buildersoftub/SIPNG/wfd/" local="129041063911562500" remote="129041063910000000" />
<file name="adodb-exceptions.inc.php" server="172.16.32.22//opt/lampp/htdocs/" local="129041063120000000" remote="129042171910000000" />
<file name="adodb.inc.php" server="172.16.32.22//opt/lampp/htdocs/" local="129041064040000000" remote="129042171910000000" />
</dwsync>