<?xml version="1.0" encoding="utf-8" ?>
<dwsync>
<file name="adodb-sqlitepo.inc.php" server="//buildersoftub/SIPNG/wfd/" local="129041065404062500" remote="129041065400000000" />
<file name="adodb-postgres8.inc.php" server="//buildersoftub/SIPNG/wfd/" local="129041065924843750" remote="129041065920000000" />
<file name="adodb-firebird.inc.php" server="//buildersoftub/SIPNG/wfd/" local="129041065759687500" remote="129041065750000000" />
<file name="adodb-mssqlnative.inc.php" server="//buildersoftub/SIPNG/wfd/" local="129041066020781250" remote="129041066020000000" />
<file name="adodb-ado_access.inc.php" server="//buildersoftub/SIPNG/wfd/" local="129041064866406250" remote="129041064860000000" />
<file name="adodb-db2.inc.php" server="//buildersoftub/SIPNG/wfd/" local="129041064771875000" remote="129041064770000000" />
<file name="adodb-ado_mssql.inc.php" server="//buildersoftub/SIPNG/wfd/" local="129041065197968750" remote="129041065190000000" />
<file name="adodb-odbc_oracle.inc.php" server="//buildersoftub/SIPNG/wfd/" local="129041066082031250" remote="129041066080000000" />
<file name="adodb-sybase.inc.php" server="//buildersoftub/SIPNG/wfd/" local="129041064652500000" remote="129041064650000000" />
<file name="adodb-postgres.inc.php" server="//buildersoftub/SIPNG/wfd/" local="129041065028906250" remote="129041065020000000" />
<file name="adodb-oracle.inc.php" server="//buildersoftub/SIPNG/wfd/" local="129041064603281250" remote="129041064600000000" />
<file name="adodb-pdo_mysql.inc.php" server="//buildersoftub/SIPNG/wfd/" local="129041065525781250" remote="129041065520000000" />
<file name="adodb-informix72.inc.php" server="//buildersoftub/SIPNG/wfd/" local="129041064681406250" remote="129041064680000000" />
<file name="adodb-vfp.inc.php" server="//buildersoftub/SIPNG/wfd/" local="129041065491250000" remote="129041065490000000" />
<file name="adodb-borland_ibase.inc.php" server="//buildersoftub/SIPNG/wfd/" local="129041065619375000" remote="129041065610000000" />
<file name="adodb-sybase_ase.inc.php" server="//buildersoftub/SIPNG/wfd/" local="129041065806562500" remote="129041065800000000" />
<file name="adodb-postgres7.inc.php" server="//buildersoftub/SIPNG/wfd/" local="129041064624375000" remote="129041064620000000" />
<file name="adodb-oci805.inc.php" server="//buildersoftub/SIPNG/wfd/" local="129041066025000000" remote="129041066020000000" />
<file name="adodb-mssqlpo.inc.php" server="//buildersoftub/SIPNG/wfd/" local="129041065889843750" remote="129041065880000000" />
<file name="adodb-access.inc.php" server="//buildersoftub/SIPNG/wfd/" local="129041066072656250" remote="129041066070000000" />
<file name="adodb-oci8.inc.php" server="//buildersoftub/SIPNG/wfd/" local="129041065841250000" remote="129041065840000000" />
<file name="adodb-mssql_n.inc.php" server="//buildersoftub/SIPNG/wfd/" local="129041066049375000" remote="129041066040000000" />
<file name="adodb-ldap.inc.php" server="//buildersoftub/SIPNG/wfd/" local="129041065278593750" remote="129041065270000000" />
<file name="adodb-odbc.inc.php" server="//buildersoftub/SIPNG/wfd/" local="129041065319218750" remote="129041065310000000" />
<file name="adodb-mysqlt.inc.php" server="//buildersoftub/SIPNG/wfd/" local="129041065237656250" remote="129041065230000000" />
<file name="adodb-pdo_oci.inc.php" server="//buildersoftub/SIPNG/wfd/" local="129041066051875000" remote="129041066050000000" />
<file name="adodb-sqlanywhere.inc.php" server="//buildersoftub/SIPNG/wfd/" local="129041064666406250" remote="129041064660000000" />
<file name="adodb-sapdb.inc.php" server="//buildersoftub/SIPNG/wfd/" local="129041064823593750" remote="129041064820000000" />
<file name="adodb-fbsql.inc.php" server="//buildersoftub/SIPNG/wfd/" local="129041065573906250" remote="129041065570000000" />
<file name="adodb-ibase.inc.php" server="//buildersoftub/SIPNG/wfd/" local="129041064735625000" remote="129041064730000000" />
<file name="adodb-pdo_mssql.inc.php" server="//buildersoftub/SIPNG/wfd/" local="129041065950781250" remote="129041065950000000" />
<file name="adodb-sqlite.inc.php" server="//buildersoftub/SIPNG/wfd/" local="129041064938437500" remote="129041064930000000" />
<file name="adodb-pdo_pgsql.inc.php" server="//buildersoftub/SIPNG/wfd/" local="129041065368437500" remote="129041065360000000" />
<file name="adodb-pdo.inc.php" server="//buildersoftub/SIPNG/wfd/" local="129041065787187500" remote="129041065780000000" />
<file name="adodb-oci8po.inc.php" server="//buildersoftub/SIPNG/wfd/" local="129041064870312500" remote="129041064870000000" />
<file name="adodb-mysql.inc.php" server="//buildersoftub/SIPNG/wfd/" local="129041064726406250" remote="129041064720000000" />
<file name="adodb-ado.inc.php" server="//buildersoftub/SIPNG/wfd/" local="129041065731250000" remote="129041065730000000" />
<file name="adodb-postgres64.inc.php" server="//buildersoftub/SIPNG/wfd/" local="129041065681562500" remote="129041065680000000" />
<file name="adodb-ado5.inc.php" server="//buildersoftub/SIPNG/wfd/" local="129041064648437500" remote="129041064640000000" />
<file name="adodb-informix.inc.php" server="//buildersoftub/SIPNG/wfd/" local="129041065865156250" remote="129041065860000000" />
<file name="adodb-netezza.inc.php" server="//buildersoftub/SIPNG/wfd/" local="129041064683437500" remote="129041064680000000" />
<file name="adodb-proxy.inc.php" server="//buildersoftub/SIPNG/wfd/" local="129041064936718750" remote="129041064930000000" />
<file name="adodb-mssql.inc.php.bak" server="//buildersoftub/SIPNG/wfd/" local="129041065078437500" remote="129041065070000000" />
<file name="adodb-mssql.inc.php" server="//buildersoftub/SIPNG/wfd/" local="129041065454375000" remote="129041065450000000" />
<file name="adodb-csv.inc.php" server="//buildersoftub/SIPNG/wfd/" local="129041064851875000" remote="129041064850000000" />
<file name="adodb-odbc_mssql.inc.php" server="//buildersoftub/SIPNG/wfd/" local="129041065124375000" remote="129041065120000000" />
<file name="adodb-odbtp.inc.php" server="//buildersoftub/SIPNG/wfd/" local="129041064622187500" remote="129041064620000000" />
<file name="adodb-mysqli.inc.php" server="//buildersoftub/SIPNG/wfd/" local="129041064765937500" remote="129041064760000000" />
<file name="adodb-odbc_db2.inc.php" server="//buildersoftub/SIPNG/wfd/" local="129041064990468750" remote="129041064990000000" />
<file name="adodb-odbtp_unicode.inc.php" server="//buildersoftub/SIPNG/wfd/" local="129041066066562500" remote="129041066060000000" />
</dwsync>